{"mappings": {"Car_Model": {"BYD Atto ": 0, "Ford Mustang Mach-E": 1, "Hyundai Ioniq 5": 2, "Tesla Model ": 3, "Wuling Air EV": 4, "NaN": 5}, "Battery_Type": {"LFP": 0, "NMC": 1, "NaN": 2}, "Driving_Style": {"Aggressive": 0, "Conservative": 1, "Moderate": 2, "NaN": 3}, "Battery_Status": {"Healthy": 0, "Replace Required": 1}}, "scaler_mean": [2.5922, 64.53778, 41.70379171402004, 331.6097018696311, 16.08865273349864, 0.504433, 1.4927535836177475, 0.03366433027106726, 90.01713119834712], "scaler_scale": [1.7462815236954208, 20.95429742729639, 31.29729031921039, 336.2463296543552, 10.661693511280422, 0.30023230757365205, 0.589698153853144, 0.0193836286529685, 21.882888204739658], "features": ["Car_Model", "Battery_Capacity_kWh", "Vehicle_Age_Months", "Total_Charging_Cycles", "Avg_Temperature_C", "Fast_Charge_Ratio", "Avg_Discharge_Rate_C", "Internal_Resistance_Ohm", "SoH_Percent"]}